subID,acq_cond,post_cond,retention,rotated,num_correct,rt_correct,md_crt_time,focus,usability,aesthetics,endurability,novelty,involve,eng_total,sEBR,enc_SPN,fb_SPN,RewP_ave,RewP_ave_Windows,RewP_hit_ave_Windows,RewP_miss_ave_Windows,RewP_diff_Windows
F01,sterile,game,-1,-1,1,1,2.6923,4,1.88,2.2,2.2,3.33,3,2.77,14,-8.014728,-8.672529032,2.66,1.838007692,3.839711111,0.778282353,3.061428758
F01,sterile,game,-1,1,1,1,2.0577,4,1.88,2.2,2.2,3.33,3,2.77,14,-8.014728,-8.672529032,2.66,1.838007692,3.839711111,0.778282353,3.061428758
F01,sterile,sterile,1,-1,2,1.414213562,3.37695,4,1.88,2.2,2.2,3.33,3,2.77,14,-8.014728,-8.672529032,2.66,1.838007692,3.839711111,0.778282353,3.061428758
F01,sterile,sterile,1,1,2,1.414213562,3.8028,4,1.88,2.2,2.2,3.33,3,2.77,14,-8.014728,-8.672529032,2.66,1.838007692,3.839711111,0.778282353,3.061428758
F02,game,game,1,-1,4,2,6.1656,2.86,1.63,2.2,2.4,2.67,3,2.46,15,-3.138982278,-4.6173425,0.39,4.63102875,4.875144,4.520067273,0.355076727
F02,game,game,1,1,3,1.732050808,4.5125,2.86,1.63,2.2,2.4,2.67,3,2.46,15,-3.138982278,-4.6173425,0.39,4.63102875,4.875144,4.520067273,0.355076727
F02,game,sterile,-1,-1,4,2,5.2814,2.86,1.63,2.2,2.4,2.67,3,2.46,15,-3.138982278,-4.6173425,0.39,4.63102875,4.875144,4.520067273,0.355076727
F02,game,sterile,-1,1,3,1.732050808,1.6904,2.86,1.63,2.2,2.4,2.67,3,2.46,15,-3.138982278,-4.6173425,0.39,4.63102875,4.875144,4.520067273,0.355076727
F03,game,game,1,-1,3,1.732050808,1.49,4.71,3.75,4.4,4.2,3.33,4.67,4.18,38,-4.5799725,-11.091405,-0.74,5.73023,5.572925397,6.313182353,-0.740256956
F03,game,game,1,1,3,1.732050808,1.323,4.71,3.75,4.4,4.2,3.33,4.67,4.18,38,-4.5799725,-11.091405,-0.74,5.73023,5.572925397,6.313182353,-0.740256956
F03,game,sterile,-1,-1,4,2,3.02435,4.71,3.75,4.4,4.2,3.33,4.67,4.18,38,-4.5799725,-11.091405,-0.74,5.73023,5.572925397,6.313182353,-0.740256956
F03,game,sterile,-1,1,4,2,1.67365,4.71,3.75,4.4,4.2,3.33,4.67,4.18,38,-4.5799725,-11.091405,-0.74,5.73023,5.572925397,6.313182353,-0.740256956
F04,sterile,game,-1,-1,15,3.872983346,1.2562,4,3.38,4,3.4,4,3.67,3.74,13,-0.01166875,-5.114973684,-0.17,5.7405525,5.654169565,5.857423529,-0.203253964
F04,sterile,game,-1,1,14,3.741657387,1.21255,4,3.38,4,3.4,4,3.67,3.74,13,-0.01166875,-5.114973684,-0.17,5.7405525,5.654169565,5.857423529,-0.203253964
F04,sterile,sterile,1,-1,15,3.872983346,1.874,4,3.38,4,3.4,4,3.67,3.74,13,-0.01166875,-5.114973684,-0.17,5.7405525,5.654169565,5.857423529,-0.203253964
F04,sterile,sterile,1,1,15,3.872983346,1.7572,4,3.38,4,3.4,4,3.67,3.74,13,-0.01166875,-5.114973684,-0.17,5.7405525,5.654169565,5.857423529,-0.203253964
F05,sterile,game,-1,-1,5,2.236067977,1.6068,3.43,4.63,4,2.8,3,3.33,3.53,36,-3.136441333,-1.730633333,-0.1,0.340267105,0.326093939,0.43381,-0.107716061
F05,sterile,game,-1,1,3,1.732050808,2.0539,3.43,4.63,4,2.8,3,3.33,3.53,36,-3.136441333,-1.730633333,-0.1,0.340267105,0.326093939,0.43381,-0.107716061
F05,sterile,sterile,1,-1,10,3.16227766,1.0475,3.43,4.63,4,2.8,3,3.33,3.53,36,-3.136441333,-1.730633333,-0.1,0.340267105,0.326093939,0.43381,-0.107716061
F05,sterile,sterile,1,1,10,3.16227766,1.0558,3.43,4.63,4,2.8,3,3.33,3.53,36,-3.136441333,-1.730633333,-0.1,0.340267105,0.326093939,0.43381,-0.107716061
F06,game,game,1,-1,4,2,1.3371,4.86,4.38,2.8,3.2,5,4.67,4.15,29,-6.451925,-20.66977,5.22,-2.70985375,1.039452174,-4.222731579,5.262183753
F06,game,game,1,1,5,2.236067977,1.3564,4.86,4.38,2.8,3.2,5,4.67,4.15,29,-6.451925,-20.66977,5.22,-2.70985375,1.039452174,-4.222731579,5.262183753
F06,game,sterile,-1,-1,4,2,1.2395,4.86,4.38,2.8,3.2,5,4.67,4.15,29,-6.451925,-20.66977,5.22,-2.70985375,1.039452174,-4.222731579,5.262183753
F06,game,sterile,-1,1,3,1.732050808,1.2896,4.86,4.38,2.8,3.2,5,4.67,4.15,29,-6.451925,-20.66977,5.22,-2.70985375,1.039452174,-4.222731579,5.262183753
F07,game,game,1,-1,4,2,2.69225,3.86,1.63,1.8,2.2,4.33,4.33,3.02,84,-4.19558,-18.56453649,2.2,14.059795,32.62157778,8.670890323,23.95068746
F07,game,game,1,1,6,2.449489743,5.05515,3.86,1.63,1.8,2.2,4.33,4.33,3.02,84,-4.19558,-18.56453649,2.2,14.059795,32.62157778,8.670890323,23.95068746
F07,game,sterile,-1,-1,3,1.732050808,5.4308,3.86,1.63,1.8,2.2,4.33,4.33,3.02,84,-4.19558,-18.56453649,2.2,14.059795,32.62157778,8.670890323,23.95068746
F07,game,sterile,-1,1,5,2.236067977,2.8927,3.86,1.63,1.8,2.2,4.33,4.33,3.02,84,-4.19558,-18.56453649,2.2,14.059795,32.62157778,8.670890323,23.95068746
F08,sterile,game,-1,-1,10,3.16227766,0.99745,4.5,3.5,2.4,4,5,5,4.07,33,-0.087069231,0.195944737,2.88,9.108626923,10.11551765,7.206722222,2.908795425
F08,sterile,game,-1,1,14,3.741657387,1.5401,4.5,3.5,2.4,4,5,5,4.07,33,-0.087069231,0.195944737,2.88,9.108626923,10.11551765,7.206722222,2.908795425
F08,sterile,sterile,1,-1,9,3,1.0224,4.5,3.5,2.4,4,5,5,4.07,33,-0.087069231,0.195944737,2.88,9.108626923,10.11551765,7.206722222,2.908795425
F08,sterile,sterile,1,1,9,3,1.0057,4.5,3.5,2.4,4,5,5,4.07,33,-0.087069231,0.195944737,2.88,9.108626923,10.11551765,7.206722222,2.908795425
F09,sterile,game,-1,-1,5,2.236067977,4.2787,3.57,2.13,2.2,2.8,3.67,4,3.06,27,2.112231169,-22.58285915,0.39,-0.047386667,2.25496875,-0.671754237,2.926722987
F09,sterile,game,-1,1,4,2,2.13285,3.57,2.13,2.2,2.8,3.67,4,3.06,27,2.112231169,-22.58285915,0.39,-0.047386667,2.25496875,-0.671754237,2.926722987
F09,sterile,sterile,1,-1,4,2,3.00955,3.57,2.13,2.2,2.8,3.67,4,3.06,27,2.112231169,-22.58285915,0.39,-0.047386667,2.25496875,-0.671754237,2.926722987
F09,sterile,sterile,1,1,3,1.732050808,1.9743,3.57,2.13,2.2,2.8,3.67,4,3.06,27,2.112231169,-22.58285915,0.39,-0.047386667,2.25496875,-0.671754237,2.926722987
F10,game,game,1,-1,2,1.414213562,4.12,2.43,1.5,1,1.4,2,2.67,1.83,32,3.710053165,0.43219375,12.44,-0.072879747,10.50644167,-1.967683582,12.47412525
F10,game,game,1,1,1,1,3.1097,2.43,1.5,1,1.4,2,2.67,1.83,32,3.710053165,0.43219375,12.44,-0.072879747,10.50644167,-1.967683582,12.47412525
F10,game,sterile,-1,-1,0,0,,2.43,1.5,1,1.4,2,2.67,1.83,32,3.710053165,0.43219375,12.44,-0.072879747,10.50644167,-1.967683582,12.47412525
F10,game,sterile,-1,1,3,1.732050808,4.1784,2.43,1.5,1,1.4,2,2.67,1.83,32,3.710053165,0.43219375,12.44,-0.072879747,10.50644167,-1.967683582,12.47412525
F11,game,game,1,-1,2,1.414213562,5.4141,3.71,3,2.4,2.2,4.33,4,3.27,30,-7.370304,2.322827273,5.06,-1.111103797,3.019746667,-2.079271875,5.099018542
F11,game,game,1,1,1,1,5.0802,3.71,3,2.4,2.2,4.33,4,3.27,30,-7.370304,2.322827273,5.06,-1.111103797,3.019746667,-2.079271875,5.099018542
F11,game,sterile,-1,-1,1,1,3.3102,3.71,3,2.4,2.2,4.33,4,3.27,30,-7.370304,2.322827273,5.06,-1.111103797,3.019746667,-2.079271875,5.099018542
F11,game,sterile,-1,1,1,1,3.21,3.71,3,2.4,2.2,4.33,4,3.27,30,-7.370304,2.322827273,5.06,-1.111103797,3.019746667,-2.079271875,5.099018542
F12,sterile,game,-1,-1,7,2.645751311,3.3602,4,1.63,3.2,2.6,3,3.67,3.02,20,-4.099547368,-14.64676795,6.62,-4.259168421,-0.339935484,-6.959084444,6.619148961
F12,sterile,game,-1,1,5,2.236067977,2.041,4,1.63,3.2,2.6,3,3.67,3.02,20,-4.099547368,-14.64676795,6.62,-4.259168421,-0.339935484,-6.959084444,6.619148961
F12,sterile,sterile,1,-1,7,2.645751311,1.4399,4,1.63,3.2,2.6,3,3.67,3.02,20,-4.099547368,-14.64676795,6.62,-4.259168421,-0.339935484,-6.959084444,6.619148961
F12,sterile,sterile,1,1,9,3,1.7738,4,1.63,3.2,2.6,3,3.67,3.02,20,-4.099547368,-14.64676795,6.62,-4.259168421,-0.339935484,-6.959084444,6.619148961
F13,sterile,game,-1,-1,3,1.732050808,3.6274,3.33,2.63,3.5,3,4,4,3.41,16,-1.183387179,-6.559501299,5.99,-1.600953846,1.61875,-4.3607,5.97945
F13,sterile,game,-1,1,3,1.732050808,2.1913,3.33,2.63,3.5,3,4,4,3.41,16,-1.183387179,-6.559501299,5.99,-1.600953846,1.61875,-4.3607,5.97945
F13,sterile,sterile,1,-1,6,2.449489743,1.7989,3.33,2.63,3.5,3,4,4,3.41,16,-1.183387179,-6.559501299,5.99,-1.600953846,1.61875,-4.3607,5.97945
F13,sterile,sterile,1,1,5,2.236067977,1.3731,3.33,2.63,3.5,3,4,4,3.41,16,-1.183387179,-6.559501299,5.99,-1.600953846,1.61875,-4.3607,5.97945
F14,game,game,1,-1,8,2.828427125,1.9993,4.14,3.88,4.8,5,4.67,5,4.58,17,-0.626650633,-12.29188378,3.61,-1.78223875,0.372796875,-3.218929167,3.591726042
F14,game,game,1,1,6,2.449489743,2.1663,4.14,3.88,4.8,5,4.67,5,4.58,17,-0.626650633,-12.29188378,3.61,-1.78223875,0.372796875,-3.218929167,3.591726042
F14,game,sterile,-1,-1,3,1.732050808,1.6737,4.14,3.88,4.8,5,4.67,5,4.58,17,-0.626650633,-12.29188378,3.61,-1.78223875,0.372796875,-3.218929167,3.591726042
F14,game,sterile,-1,1,4,2,1.34805,4.14,3.88,4.8,5,4.67,5,4.58,17,-0.626650633,-12.29188378,3.61,-1.78223875,0.372796875,-3.218929167,3.591726042
F15,sterile,game,-1,-1,8,2.828427125,2.2247,4,2.88,3.2,3,4,3.33,3.4,52,-3.34898375,-12.64816835,3.7,4.5151875,6.729609375,3.03890625,3.690703125
F15,sterile,game,-1,1,8,2.828427125,2.7292,4,2.88,3.2,3,4,3.33,3.4,52,-3.34898375,-12.64816835,3.7,4.5151875,6.729609375,3.03890625,3.690703125
F15,sterile,sterile,1,-1,7,2.645751311,2.1747,4,2.88,3.2,3,4,3.33,3.4,52,-3.34898375,-12.64816835,3.7,4.5151875,6.729609375,3.03890625,3.690703125
F15,sterile,sterile,1,1,8,2.828427125,2.4418,4,2.88,3.2,3,4,3.33,3.4,52,-3.34898375,-12.64816835,3.7,4.5151875,6.729609375,3.03890625,3.690703125
F16,game,game,1,-1,3,1.732050808,3.3602,3.86,2.25,3.6,2.6,3.33,3,3.11,28,-3.4752375,-1.54991875,-0.55,-0.15541519,-0.604053333,-0.050265625,-0.553787708
F16,game,game,1,1,2,1.414213562,4.7824,3.86,2.25,3.6,2.6,3.33,3,3.11,28,-3.4752375,-1.54991875,-0.55,-0.15541519,-0.604053333,-0.050265625,-0.553787708
F16,game,sterile,-1,-1,0,0,,3.86,2.25,3.6,2.6,3.33,3,3.11,28,-3.4752375,-1.54991875,-0.55,-0.15541519,-0.604053333,-0.050265625,-0.553787708
F16,game,sterile,-1,1,0,0,,3.86,2.25,3.6,2.6,3.33,3,3.11,28,-3.4752375,-1.54991875,-0.55,-0.15541519,-0.604053333,-0.050265625,-0.553787708
F17,game,game,1,-1,4,2,3.91955,4,2.88,4,2.8,4.67,4,3.72,79,-4.713535526,-7.73348875,15.65,-5.2566,7.3347,-8.302882258,15.63758226
F17,game,game,1,1,1,1,3.6107,4,2.88,4,2.8,4.67,4,3.72,79,-4.713535526,-7.73348875,15.65,-5.2566,7.3347,-8.302882258,15.63758226
F17,game,sterile,-1,-1,4,2,3.1265,4,2.88,4,2.8,4.67,4,3.72,79,-4.713535526,-7.73348875,15.65,-5.2566,7.3347,-8.302882258,15.63758226
F17,game,sterile,-1,1,3,1.732050808,3.3769,4,2.88,4,2.8,4.67,4,3.72,79,-4.713535526,-7.73348875,15.65,-5.2566,7.3347,-8.302882258,15.63758226
F18,sterile,game,-1,-1,5,2.236067977,3.5773,4,2.75,3.8,4,4,4,3.76,85,-2.172356962,-6.100703846,5.58,7.00170641,11.20148947,5.649233898,5.552255575
F18,sterile,game,-1,1,3,1.732050808,3.0931,4,2.75,3.8,4,4,4,3.76,85,-2.172356962,-6.100703846,5.58,7.00170641,11.20148947,5.649233898,5.552255575
F18,sterile,sterile,1,-1,3,1.732050808,2.2581,4,2.75,3.8,4,4,4,3.76,85,-2.172356962,-6.100703846,5.58,7.00170641,11.20148947,5.649233898,5.552255575
F18,sterile,sterile,1,1,3,1.732050808,2.2915,4,2.75,3.8,4,4,4,3.76,85,-2.172356962,-6.100703846,5.58,7.00170641,11.20148947,5.649233898,5.552255575
F19,game,game,1,-1,2,1.414213562,5.9902,3.29,1.88,3,1.8,4.33,4,3.05,60,-2.095563291,-10.53132625,-2.24,1.03286875,-0.836023529,1.537173016,-2.373196545
F19,game,game,1,1,2,1.414213562,7.1021,3.29,1.88,3,1.8,4.33,4,3.05,60,-2.095563291,-10.53132625,-2.24,1.03286875,-0.836023529,1.537173016,-2.373196545
F19,game,sterile,-1,-1,3,1.732050808,2.8426,3.29,1.88,3,1.8,4.33,4,3.05,60,-2.095563291,-10.53132625,-2.24,1.03286875,-0.836023529,1.537173016,-2.373196545
F19,game,sterile,-1,1,2,1.414213562,5.42255,3.29,1.88,3,1.8,4.33,4,3.05,60,-2.095563291,-10.53132625,-2.24,1.03286875,-0.836023529,1.537173016,-2.373196545
F20,sterile,game,-1,-1,15,3.872983346,1.5067,4.43,2.88,4.8,4,5,4.67,4.3,18,-3.0310975,-3.165289873,1.52,5.44409,5.92972037,4.435473077,1.494247293
F20,sterile,game,-1,1,14,3.741657387,1.2729,4.43,2.88,4.8,4,5,4.67,4.3,18,-3.0310975,-3.165289873,1.52,5.44409,5.92972037,4.435473077,1.494247293
F20,sterile,sterile,1,-1,14,3.741657387,1.3063,4.43,2.88,4.8,4,5,4.67,4.3,18,-3.0310975,-3.165289873,1.52,5.44409,5.92972037,4.435473077,1.494247293
F20,sterile,sterile,1,1,14,3.741657387,1.20615,4.43,2.88,4.8,4,5,4.67,4.3,18,-3.0310975,-3.165289873,1.52,5.44409,5.92972037,4.435473077,1.494247293
F21,sterile,game,-1,-1,6,2.449489743,4.7712,4,1.38,1.4,1.4,3,2,2.2,22,-4.787165385,-8.035425676,6,7.202817722,11.90507059,5.913490323,5.991580266
F21,sterile,game,-1,1,5,2.236067977,4.4122,4,1.38,1.4,1.4,3,2,2.2,22,-4.787165385,-8.035425676,6,7.202817722,11.90507059,5.913490323,5.991580266
F21,sterile,sterile,1,-1,6,2.449489743,4.95485,4,1.38,1.4,1.4,3,2,2.2,22,-4.787165385,-8.035425676,6,7.202817722,11.90507059,5.913490323,5.991580266
F21,sterile,sterile,1,1,1,1,12.4942,4,1.38,1.4,1.4,3,2,2.2,22,-4.787165385,-8.035425676,6,7.202817722,11.90507059,5.913490323,5.991580266
F22,sterile,game,-1,-1,15,3.872983346,1.6236,3.71,3.88,3.4,3.4,4,4,3.73,45,-2.318326582,-11.20208209,-4.02,0.32736125,-0.679475,3.34787,-4.027345
F22,sterile,game,-1,1,12,3.464101615,1.6069,3.71,3.88,3.4,3.4,4,4,3.73,45,-2.318326582,-11.20208209,-4.02,0.32736125,-0.679475,3.34787,-4.027345
F22,sterile,sterile,1,-1,15,3.872983346,1.3397,3.71,3.88,3.4,3.4,4,4,3.73,45,-2.318326582,-11.20208209,-4.02,0.32736125,-0.679475,3.34787,-4.027345
F22,sterile,sterile,1,1,12,3.464101615,1.19715,3.71,3.88,3.4,3.4,4,4,3.73,45,-2.318326582,-11.20208209,-4.02,0.32736125,-0.679475,3.34787,-4.027345
F23,game,game,1,-1,6,2.449489743,2.4752,4.83,3,5,3.4,4.67,4.67,4.26,42,-2.13899,-2.9339275,3.85,4.97387375,7.987070588,4.160788889,3.826281699
F23,game,game,1,1,4,2,4.29535,4.83,3,5,3.4,4.67,4.67,4.26,42,-2.13899,-2.9339275,3.85,4.97387375,7.987070588,4.160788889,3.826281699
F23,game,sterile,-1,-1,3,1.732050808,1.0892,4.83,3,5,3.4,4.67,4.67,4.26,42,-2.13899,-2.9339275,3.85,4.97387375,7.987070588,4.160788889,3.826281699
F23,game,sterile,-1,1,2,1.414213562,1.3397,4.83,3,5,3.4,4.67,4.67,4.26,42,-2.13899,-2.9339275,3.85,4.97387375,7.987070588,4.160788889,3.826281699
F24,game,game,1,-1,10,3.16227766,3.7276,3.29,2.5,4,2.8,3.67,4,3.38,37,4.3536575,-5.95187875,1.66,2.49547625,4.939325,2.064208824,2.875116176
F24,game,game,1,1,8,2.828427125,3.8612,3.29,2.5,4,2.8,3.67,4,3.38,37,4.3536575,-5.95187875,1.66,2.49547625,4.939325,2.064208824,2.875116176
F24,game,sterile,-1,-1,1,1,3.7109,3.29,2.5,4,2.8,3.67,4,3.38,37,4.3536575,-5.95187875,1.66,2.49547625,4.939325,2.064208824,2.875116176
F24,game,sterile,-1,1,4,2,3.06795,3.29,2.5,4,2.8,3.67,4,3.38,37,4.3536575,-5.95187875,1.66,2.49547625,4.939325,2.064208824,2.875116176
F25,sterile,game,-1,-1,9,3,1.7572,4.43,2.88,4.2,2.8,4.33,3.67,3.72,70,-3.6672375,-3.13957125,7.27,-2.6747875,1.223767568,-6.02935814,7.253125707
F25,sterile,game,-1,1,7,2.645751311,1.1894,4.43,2.88,4.2,2.8,4.33,3.67,3.72,70,-3.6672375,-3.13957125,7.27,-2.6747875,1.223767568,-6.02935814,7.253125707
F25,sterile,sterile,1,-1,7,2.645751311,1.4065,4.43,2.88,4.2,2.8,4.33,3.67,3.72,70,-3.6672375,-3.13957125,7.27,-2.6747875,1.223767568,-6.02935814,7.253125707
F25,sterile,sterile,1,1,6,2.449489743,2.4919,4.43,2.88,4.2,2.8,4.33,3.67,3.72,70,-3.6672375,-3.13957125,7.27,-2.6747875,1.223767568,-6.02935814,7.253125707
F26,game,game,1,-1,0,0,,3.29,2.75,3.6,3.4,4,4.33,3.56,58,-2.585688462,-4.861612658,2.11,3.22574359,4.894026667,2.828533333,2.065493333
F26,game,game,1,1,1,1,2.5587,3.29,2.75,3.6,3.4,4,4.33,3.56,58,-2.585688462,-4.861612658,2.11,3.22574359,4.894026667,2.828533333,2.065493333
F26,game,sterile,-1,-1,2,1.414213562,2.2331,3.29,2.75,3.6,3.4,4,4.33,3.56,58,-2.585688462,-4.861612658,2.11,3.22574359,4.894026667,2.828533333,2.065493333
F26,game,sterile,-1,1,3,1.732050808,2.1412,3.29,2.75,3.6,3.4,4,4.33,3.56,58,-2.585688462,-4.861612658,2.11,3.22574359,4.894026667,2.828533333,2.065493333
F27,sterile,game,-1,-1,7,2.645751311,2.0243,4,3.88,3.8,3.8,3.67,4,3.86,16,-2.896522785,-4.0402225,0.18,-0.87313375,-0.802776596,-0.973339394,0.170562798
F27,sterile,game,-1,1,6,2.449489743,2.901,4,3.88,3.8,3.8,3.67,4,3.86,16,-2.896522785,-4.0402225,0.18,-0.87313375,-0.802776596,-0.973339394,0.170562798
F27,sterile,sterile,1,-1,6,2.449489743,2.06605,4,3.88,3.8,3.8,3.67,4,3.86,16,-2.896522785,-4.0402225,0.18,-0.87313375,-0.802776596,-0.973339394,0.170562798
F27,sterile,sterile,1,1,6,2.449489743,1.7488,4,3.88,3.8,3.8,3.67,4,3.86,16,-2.896522785,-4.0402225,0.18,-0.87313375,-0.802776596,-0.973339394,0.170562798
F28,game,game,1,-1,2,1.414213562,1.7238,4.29,2.75,3.6,4.4,4.33,4.33,3.95,52,2.058891026,-10.53384304,11.39,9.531889873,17.61525652,6.211935714,11.40332081
F28,game,game,1,1,6,2.449489743,1.4733,4.29,2.75,3.6,4.4,4.33,4.33,3.95,52,2.058891026,-10.53384304,11.39,9.531889873,17.61525652,6.211935714,11.40332081
F28,game,sterile,-1,-1,1,1,2.47515,4.29,2.75,3.6,4.4,4.33,4.33,3.95,52,2.058891026,-10.53384304,11.39,9.531889873,17.61525652,6.211935714,11.40332081
F28,game,sterile,-1,1,3,1.732050808,2.5086,4.29,2.75,3.6,4.4,4.33,4.33,3.95,52,2.058891026,-10.53384304,11.39,9.531889873,17.61525652,6.211935714,11.40332081
F29,sterile,game,-1,-1,4,2,2.6422,3.86,2.88,3.6,3.2,4,2.33,3.31,19,-2.90872973,-5.60842,3.98,5.568744872,8.396459091,4.457857143,3.938601948
F29,sterile,game,-1,1,4,2,2.0995,3.86,2.88,3.6,3.2,4,2.33,3.31,19,-2.90872973,-5.60842,3.98,5.568744872,8.396459091,4.457857143,3.938601948
F29,sterile,sterile,1,-1,3,1.732050808,1.4733,3.86,2.88,3.6,3.2,4,2.33,3.31,19,-2.90872973,-5.60842,3.98,5.568744872,8.396459091,4.457857143,3.938601948
F29,sterile,sterile,1,1,2,1.414213562,1.6987,3.86,2.88,3.6,3.2,4,2.33,3.31,19,-2.90872973,-5.60842,3.98,5.568744872,8.396459091,4.457857143,3.938601948
F30,sterile,game,-1,-1,13,3.605551275,1.6903,4.43,4.13,4,3.8,4.33,4.33,4.17,58,-2.150135,-12.93641125,1.56,4.106645,4.406071875,2.9089375,1.497134375
F30,sterile,game,-1,1,12,3.464101615,1.5401,4.43,4.13,4,3.8,4.33,4.33,4.17,58,-2.150135,-12.93641125,1.56,4.106645,4.406071875,2.9089375,1.497134375
F30,sterile,sterile,1,-1,12,3.464101615,2.1412,4.43,4.13,4,3.8,4.33,4.33,4.17,58,-2.150135,-12.93641125,1.56,4.106645,4.406071875,2.9089375,1.497134375
F30,sterile,sterile,1,1,12,3.464101615,1.64865,4.43,4.13,4,3.8,4.33,4.33,4.17,58,-2.150135,-12.93641125,1.56,4.106645,4.406071875,2.9089375,1.497134375
F31,game,game,1,-1,5,2.236067977,3.093,4.43,2.13,3,2.8,4,4,3.39,5,2.34283375,-5.8805975,4.09,0.22669625,3.058152,-1.060329091,4.118481091
F31,game,game,1,1,4,2,1.73265,4.43,2.13,3,2.8,4,4,3.39,5,2.34283375,-5.8805975,4.09,0.22669625,3.058152,-1.060329091,4.118481091
F31,game,sterile,-1,-1,5,2.236067977,4.0114,4.43,2.13,3,2.8,4,4,3.39,5,2.34283375,-5.8805975,4.09,0.22669625,3.058152,-1.060329091,4.118481091
F31,game,sterile,-1,1,3,1.732050808,5.60615,4.43,2.13,3,2.8,4,4,3.39,5,2.34283375,-5.8805975,4.09,0.22669625,3.058152,-1.060329091,4.118481091
F32,game,game,1,-1,15,3.872983346,1.1394,4.71,3,4.6,4.8,4.67,5,4.46,24,-1.215412857,-16.57085479,11.5,1.059894203,4.388608163,-7.095455,11.48406316
F32,game,game,1,1,14,3.741657387,0.9974,4.71,3,4.6,4.8,4.67,5,4.46,24,-1.215412857,-16.57085479,11.5,1.059894203,4.388608163,-7.095455,11.48406316
F32,game,sterile,-1,-1,14,3.741657387,1.5066,4.71,3,4.6,4.8,4.67,5,4.46,24,-1.215412857,-16.57085479,11.5,1.059894203,4.388608163,-7.095455,11.48406316
F32,game,sterile,-1,1,14,3.741657387,1.2562,4.71,3,4.6,4.8,4.67,5,4.46,24,-1.215412857,-16.57085479,11.5,1.059894203,4.388608163,-7.095455,11.48406316
F33,game,game,1,-1,7,2.645751311,3.6687,2.71,3.63,3.2,3,2.67,2.33,2.92,,,,,,,,
F33,game,game,1,1,6,2.449489743,2.87595,2.71,3.63,3.2,3,2.67,2.33,2.92,,,,,,,,
F33,game,sterile,-1,-1,2,1.414213562,1.6152,2.71,3.63,3.2,3,2.67,2.33,2.92,,,,,,,,
F33,game,sterile,-1,1,4,2,2.0327,2.71,3.63,3.2,3,2.67,2.33,2.92,,,,,,,,
F34,sterile,game,-1,-1,12,3.464101615,1.3063,4.57,3.13,4.2,4.2,4.33,4.33,4.13,22,-5.746692208,-2.920145946,3.73,11.49236883,12.94663404,9.21402,3.732614043
F34,sterile,game,-1,1,11,3.31662479,1.2395,4.57,3.13,4.2,4.2,4.33,4.33,4.13,22,-5.746692208,-2.920145946,3.73,11.49236883,12.94663404,9.21402,3.732614043
F34,sterile,sterile,1,-1,9,3,0.989,4.57,3.13,4.2,4.2,4.33,4.33,4.13,22,-5.746692208,-2.920145946,3.73,11.49236883,12.94663404,9.21402,3.732614043
F34,sterile,sterile,1,1,9,3,0.9891,4.57,3.13,4.2,4.2,4.33,4.33,4.13,22,-5.746692208,-2.920145946,3.73,11.49236883,12.94663404,9.21402,3.732614043
F35,sterile,game,-1,-1,3,1.732050808,4.1785,5,2.63,4.6,3.6,5,4.33,4.19,72,-9.96829375,-21.19103797,3.06,8.25504625,10.05532727,6.991019149,3.064308124
F35,sterile,game,-1,1,3,1.732050808,4.9476,5,2.63,4.6,3.6,5,4.33,4.19,72,-9.96829375,-21.19103797,3.06,8.25504625,10.05532727,6.991019149,3.064308124
F35,sterile,sterile,1,-1,0,0,,5,2.63,4.6,3.6,5,4.33,4.19,72,-9.96829375,-21.19103797,3.06,8.25504625,10.05532727,6.991019149,3.064308124
F35,sterile,sterile,1,1,0,0,,5,2.63,4.6,3.6,5,4.33,4.19,72,-9.96829375,-21.19103797,3.06,8.25504625,10.05532727,6.991019149,3.064308124
F36,game,game,1,-1,4,2,2.45855,3.57,1.5,2.8,2.4,3.33,3.33,2.82,11,-7.75788875,-12.01465625,-1.22,0.10579125,-0.795665,0.406276667,-1.201941667
F36,game,game,1,1,2,1.414213562,2.5253,3.57,1.5,2.8,2.4,3.33,3.33,2.82,11,-7.75788875,-12.01465625,-1.22,0.10579125,-0.795665,0.406276667,-1.201941667
F36,game,sterile,-1,-1,3,1.732050808,2.0745,3.57,1.5,2.8,2.4,3.33,3.33,2.82,11,-7.75788875,-12.01465625,-1.22,0.10579125,-0.795665,0.406276667,-1.201941667
F36,game,sterile,-1,1,4,2,1.8573,3.57,1.5,2.8,2.4,3.33,3.33,2.82,11,-7.75788875,-12.01465625,-1.22,0.10579125,-0.795665,0.406276667,-1.201941667
F37,sterile,game,-1,-1,0,0,,4.43,3.13,3.6,3.4,3.67,4.33,3.76,42,0.9811725,-11.12373875,7.97,19.62253797,25.64503684,17.71541333,7.929623509
F37,sterile,game,-1,1,2,1.414213562,1.59015,4.43,3.13,3.6,3.4,3.67,4.33,3.76,42,0.9811725,-11.12373875,7.97,19.62253797,25.64503684,17.71541333,7.929623509
F37,sterile,sterile,1,-1,0,0,,4.43,3.13,3.6,3.4,3.67,4.33,3.76,42,0.9811725,-11.12373875,7.97,19.62253797,25.64503684,17.71541333,7.929623509
F37,sterile,sterile,1,1,0,0,,4.43,3.13,3.6,3.4,3.67,4.33,3.76,42,0.9811725,-11.12373875,7.97,19.62253797,25.64503684,17.71541333,7.929623509
F38,game,game,1,-1,2,1.414213562,2.23305,3.71,3.75,3.2,3.4,3.33,3.67,3.51,37,0.9396475,-7.19281125,1.63,2.34999125,3.603205263,1.959645902,1.643559362
F38,game,game,1,1,2,1.414213562,2.4349,3.71,3.75,3.2,3.4,3.33,3.67,3.51,37,0.9396475,-7.19281125,1.63,2.34999125,3.603205263,1.959645902,1.643559362
F38,game,sterile,-1,-1,2,1.414213562,2.183,3.71,3.75,3.2,3.4,3.33,3.67,3.51,37,0.9396475,-7.19281125,1.63,2.34999125,3.603205263,1.959645902,1.643559362
F38,game,sterile,-1,1,1,1,2.9594,3.71,3.75,3.2,3.4,3.33,3.67,3.51,37,0.9396475,-7.19281125,1.63,2.34999125,3.603205263,1.959645902,1.643559362
F39,sterile,game,-1,-1,2,1.414213562,2.04945,4,3.63,3.4,3.6,3,3.33,3.49,47,-5.095057895,-7.617485714,4.18,1.716696053,5.094986667,0.885968852,4.209017814
F39,sterile,game,-1,1,2,1.414213562,3.0096,4,3.63,3.4,3.6,3,3.33,3.49,47,-5.095057895,-7.617485714,4.18,1.716696053,5.094986667,0.885968852,4.209017814
F39,sterile,sterile,1,-1,6,2.449489743,2.8593,4,3.63,3.4,3.6,3,3.33,3.49,47,-5.095057895,-7.617485714,4.18,1.716696053,5.094986667,0.885968852,4.209017814
F39,sterile,sterile,1,1,2,1.414213562,2.2498,4,3.63,3.4,3.6,3,3.33,3.49,47,-5.095057895,-7.617485714,4.18,1.716696053,5.094986667,0.885968852,4.209017814
F40,game,game,1,-1,4,2,3.56895,5,3.25,3.4,3.4,4,4.33,3.9,27,-2.091667089,-8.522635897,8.04,4.34433875,10.366825,2.336843333,8.029981667
F40,game,game,1,1,4,2,3.6339,5,3.25,3.4,3.4,4,4.33,3.9,27,-2.091667089,-8.522635897,8.04,4.34433875,10.366825,2.336843333,8.029981667
F40,game,sterile,-1,-1,6,2.449489743,2.8593,5,3.25,3.4,3.4,4,4.33,3.9,27,-2.091667089,-8.522635897,8.04,4.34433875,10.366825,2.336843333,8.029981667
F40,game,sterile,-1,1,2,1.414213562,2.2498,5,3.25,3.4,3.4,4,4.33,3.9,27,-2.091667089,-8.522635897,8.04,4.34433875,10.366825,2.336843333,8.029981667
F41,game,game,1,-1,6,2.449489743,3.6524,4.86,3.25,3,3.2,4.33,4,3.77,25,-3.879855,-10.2470925,11.49,5.172407595,15.06936364,3.571429412,11.49793422
F41,game,game,1,1,9,3,4.0444,4.86,3.25,3,3.2,4.33,4,3.77,25,-3.879855,-10.2470925,11.49,5.172407595,15.06936364,3.571429412,11.49793422
F41,game,sterile,-1,-1,2,1.414213562,3.8444,4.86,3.25,3,3.2,4.33,4,3.77,25,-3.879855,-10.2470925,11.49,5.172407595,15.06936364,3.571429412,11.49793422
F41,game,sterile,-1,1,1,1,3.4465,4.86,3.25,3,3.2,4.33,4,3.77,25,-3.879855,-10.2470925,11.49,5.172407595,15.06936364,3.571429412,11.49793422
M01,game,game,1,-1,11,3.31662479,1.1727,5,3.38,4.4,4.2,5,5,4.5,4,0.24236125,-3.92915125,5.3,4.95716875,6.751803922,1.801086207,4.950717715
M01,game,game,1,1,13,3.605551275,0.8889,5,3.38,4.4,4.2,5,5,4.5,4,0.24236125,-3.92915125,5.3,4.95716875,6.751803922,1.801086207,4.950717715
M01,game,sterile,-1,-1,9,3,0.9557,5,3.38,4.4,4.2,5,5,4.5,4,0.24236125,-3.92915125,5.3,4.95716875,6.751803922,1.801086207,4.950717715
M01,game,sterile,-1,1,9,3,0.8555,5,3.38,4.4,4.2,5,5,4.5,4,0.24236125,-3.92915125,5.3,4.95716875,6.751803922,1.801086207,4.950717715
M02,sterile,game,-1,-1,7,2.645751311,1.4399,4.57,3.63,3.4,3.8,4.33,4,3.95,20,-3.65284375,-12.46543718,3.01,1.863295,4.052668182,1.032843103,3.019825078
M02,sterile,game,-1,1,3,1.732050808,1.2896,4.57,3.63,3.4,3.8,4.33,4,3.95,20,-3.65284375,-12.46543718,3.01,1.863295,4.052668182,1.032843103,3.019825078
M02,sterile,sterile,1,-1,3,1.732050808,2.0577,4.57,3.63,3.4,3.8,4.33,4,3.95,20,-3.65284375,-12.46543718,3.01,1.863295,4.052668182,1.032843103,3.019825078
M02,sterile,sterile,1,1,3,1.732050808,1.7071,4.57,3.63,3.4,3.8,4.33,4,3.95,20,-3.65284375,-12.46543718,3.01,1.863295,4.052668182,1.032843103,3.019825078
M03,sterile,game,-1,-1,12,3.464101615,0.9723,4.43,3.38,1.4,3.2,3,4.33,3.29,15,-2.160047436,-7.182889744,4.02,0.755522078,2.589919048,-1.445754286,4.035673333
M03,sterile,game,-1,1,11,3.31662479,1.04815,4.43,3.38,1.4,3.2,3,4.33,3.29,15,-2.160047436,-7.182889744,4.02,0.755522078,2.589919048,-1.445754286,4.035673333
M03,sterile,sterile,1,-1,15,3.872983346,1.26455,4.43,3.38,1.4,3.2,3,4.33,3.29,15,-2.160047436,-7.182889744,4.02,0.755522078,2.589919048,-1.445754286,4.035673333
M03,sterile,sterile,1,1,14,3.741657387,1.4566,4.43,3.38,1.4,3.2,3,4.33,3.29,15,-2.160047436,-7.182889744,4.02,0.755522078,2.589919048,-1.445754286,4.035673333
M04,game,game,1,-1,2,1.414213562,1.84065,5,3.5,5,4.6,5,5,4.68,25,-11.12623088,-26.92530746,-0.64,-3.306266667,-3.976341176,-2.655337143,-1.321004034
M04,game,game,1,1,1,1,2.0911,5,3.5,5,4.6,5,5,4.68,25,-11.12623088,-26.92530746,-0.64,-3.306266667,-3.976341176,-2.655337143,-1.321004034
M04,game,sterile,-1,-1,1,1,1.1894,5,3.5,5,4.6,5,5,4.68,25,-11.12623088,-26.92530746,-0.64,-3.306266667,-3.976341176,-2.655337143,-1.321004034
M04,game,sterile,-1,1,0,0,,5,3.5,5,4.6,5,5,4.68,25,-11.12623088,-26.92530746,-0.64,-3.306266667,-3.976341176,-2.655337143,-1.321004034
M05,game,game,1,-1,2,1.414213562,2.49185,4.57,4.38,3.6,4,4,3.67,4.04,29,-2.598594805,-1.039991781,5.18,2.567238961,5.59846875,0.411697778,5.186770972
M05,game,game,1,1,1,1,2.5921,4.57,4.38,3.6,4,4,3.67,4.04,29,-2.598594805,-1.039991781,5.18,2.567238961,5.59846875,0.411697778,5.186770972
M05,game,sterile,-1,-1,1,1,1.7906,4.57,4.38,3.6,4,4,3.67,4.04,29,-2.598594805,-1.039991781,5.18,2.567238961,5.59846875,0.411697778,5.186770972
M05,game,sterile,-1,1,1,1,2.4251,4.57,4.38,3.6,4,4,3.67,4.04,29,-2.598594805,-1.039991781,5.18,2.567238961,5.59846875,0.411697778,5.186770972
M06,sterile,game,-1,-1,2,1.414213562,1.7784,4.43,2.63,3.2,3.6,4,3.67,3.59,50,1.02048481,-10.19401818,11.73,9.449224359,18.1959,6.43312931,11.76277069
M06,sterile,game,-1,1,2,1.414213562,1.80725,4.43,2.63,3.2,3.6,4,3.67,3.59,50,1.02048481,-10.19401818,11.73,9.449224359,18.1959,6.43312931,11.76277069
M06,sterile,sterile,1,-1,2,1.414213562,1.42315,4.43,2.63,3.2,3.6,4,3.67,3.59,50,1.02048481,-10.19401818,11.73,9.449224359,18.1959,6.43312931,11.76277069
M06,sterile,sterile,1,1,4,2,1.849,4.43,2.63,3.2,3.6,4,3.67,3.59,50,1.02048481,-10.19401818,11.73,9.449224359,18.1959,6.43312931,11.76277069
M07,sterile,game,-1,-1,6,2.449489743,1.7739,4.14,3.5,3,2.8,4.33,4.67,3.74,69,-1.995410256,-10.93477436,6.55,3.121787179,5.726712766,-0.827616129,6.554328895
M07,sterile,game,-1,1,6,2.449489743,1.8323,4.14,3.5,3,2.8,4.33,4.67,3.74,69,-1.995410256,-10.93477436,6.55,3.121787179,5.726712766,-0.827616129,6.554328895
M07,sterile,sterile,1,-1,5,2.236067977,1.1727,4.14,3.5,3,2.8,4.33,4.67,3.74,69,-1.995410256,-10.93477436,6.55,3.121787179,5.726712766,-0.827616129,6.554328895
M07,sterile,sterile,1,1,3,1.732050808,1.1728,4.14,3.5,3,2.8,4.33,4.67,3.74,69,-1.995410256,-10.93477436,6.55,3.121787179,5.726712766,-0.827616129,6.554328895
M08,game,game,1,-1,4,2,2.2164,4.14,2.75,4,3.4,4,4.67,3.83,14,-2.909073418,-3.411755696,7.96,2.8505,8.898378947,0.902877966,7.995500981
M08,game,game,1,1,1,1,3.2661,4.14,2.75,4,3.4,4,4.67,3.83,14,-2.909073418,-3.411755696,7.96,2.8505,8.898378947,0.902877966,7.995500981
M08,game,sterile,-1,-1,1,1,2.5253,4.14,2.75,4,3.4,4,4.67,3.83,14,-2.909073418,-3.411755696,7.96,2.8505,8.898378947,0.902877966,7.995500981
M08,game,sterile,-1,1,1,1,0.9056,4.14,2.75,4,3.4,4,4.67,3.83,14,-2.909073418,-3.411755696,7.96,2.8505,8.898378947,0.902877966,7.995500981
M09,game,game,1,-1,4,2,1.9659,3.57,3.5,3.6,3.6,3.67,3.33,3.55,91,-1.650588608,-5.796460256,2.47,2.754134177,3.891488095,1.463083784,2.428404311
M09,game,game,1,1,5,2.236067977,3.0763,3.57,3.5,3.6,3.6,3.67,3.33,3.55,91,-1.650588608,-5.796460256,2.47,2.754134177,3.891488095,1.463083784,2.428404311
M09,game,sterile,-1,-1,2,1.414213562,1.124,3.57,3.5,3.6,3.6,3.67,3.33,3.55,91,-1.650588608,-5.796460256,2.47,2.754134177,3.891488095,1.463083784,2.428404311
M09,game,sterile,-1,1,3,1.732050808,1.1393,3.57,3.5,3.6,3.6,3.67,3.33,3.55,91,-1.650588608,-5.796460256,2.47,2.754134177,3.891488095,1.463083784,2.428404311
M10,sterile,game,-1,-1,6,2.449489743,1.0058,4.29,2.88,4.2,4,5,5,4.23,3,-1.402,-1.728744068,0.47,0.619416667,0.835352941,0.337038462,0.49831448
M10,sterile,game,-1,1,7,2.645751311,1.1059,4.29,2.88,4.2,4,5,5,4.23,3,-1.402,-1.728744068,0.47,0.619416667,0.835352941,0.337038462,0.49831448
M10,sterile,sterile,1,-1,9,3,1.5196,4.29,2.88,4.2,4,5,5,4.23,3,-1.402,-1.728744068,0.47,0.619416667,0.835352941,0.337038462,0.49831448
M10,sterile,sterile,1,1,8,2.828427125,1.2793,4.29,2.88,4.2,4,5,5,4.23,3,-1.402,-1.728744068,0.47,0.619416667,0.835352941,0.337038462,0.49831448
M11,game,game,1,-1,1,1,5.51645,4.43,2.25,3,3.2,3.67,4,3.42,37,-0.518523288,-6.020894366,11.52,3.334568493,12.03058333,0.4886,11.54198333
M11,game,game,1,1,4,2,5.81425,4.43,2.25,3,3.2,3.67,4,3.42,37,-0.518523288,-6.020894366,11.52,3.334568493,12.03058333,0.4886,11.54198333
M11,game,sterile,-1,-1,3,1.732050808,6.8669,4.43,2.25,3,3.2,3.67,4,3.42,37,-0.518523288,-6.020894366,11.52,3.334568493,12.03058333,0.4886,11.54198333
M11,game,sterile,-1,1,1,1,15.8339,4.43,2.25,3,3.2,3.67,4,3.42,37,-0.518523288,-6.020894366,11.52,3.334568493,12.03058333,0.4886,11.54198333
M12,sterile,game,-1,-1,2,1.414213562,3.53555,3,3,3,3.6,2.5,4,3.18,50,-1.3400975,-9.796406329,6.57,4.3728175,7.296090698,0.701227778,6.59486292
M12,sterile,game,-1,1,0,0,,3,3,3,3.6,2.5,4,3.18,50,-1.3400975,-9.796406329,6.57,4.3728175,7.296090698,0.701227778,6.59486292
M12,sterile,sterile,1,-1,0,0,,3,3,3,3.6,2.5,4,3.18,50,-1.3400975,-9.796406329,6.57,4.3728175,7.296090698,0.701227778,6.59486292
M12,sterile,sterile,1,1,0,0,,3,3,3,3.6,2.5,4,3.18,50,-1.3400975,-9.796406329,6.57,4.3728175,7.296090698,0.701227778,6.59486292
M13,game,game,1,-1,7,2.645751311,1.2228,3.86,4.75,4.4,4.4,4.33,4.33,4.35,53,-0.55115375,-0.54837,-0.72,1.63169875,1.547291549,2.297577778,-0.750286228
M13,game,game,1,1,9,3,1.0892,3.86,4.75,4.4,4.4,4.33,4.33,4.35,53,-0.55115375,-0.54837,-0.72,1.63169875,1.547291549,2.297577778,-0.750286228
M13,game,sterile,-1,-1,9,3,0.9056,3.86,4.75,4.4,4.4,4.33,4.33,4.35,53,-0.55115375,-0.54837,-0.72,1.63169875,1.547291549,2.297577778,-0.750286228
M13,game,sterile,-1,1,9,3,0.989,3.86,4.75,4.4,4.4,4.33,4.33,4.35,53,-0.55115375,-0.54837,-0.72,1.63169875,1.547291549,2.297577778,-0.750286228
M14,sterile,game,-1,-1,2,1.414213562,0.7553,4,3,2.8,3,3,3.67,3.24,40,-3.24428481,-4.565925641,2.17,7.490064557,9.339841667,7.158761194,2.181080473
M14,sterile,game,-1,1,1,1,0.9055,4,3,2.8,3,3,3.67,3.24,40,-3.24428481,-4.565925641,2.17,7.490064557,9.339841667,7.158761194,2.181080473
M14,sterile,sterile,1,-1,0,0,,4,3,2.8,3,3,3.67,3.24,40,-3.24428481,-4.565925641,2.17,7.490064557,9.339841667,7.158761194,2.181080473
M14,sterile,sterile,1,1,3,1.732050808,3.5272,4,3,2.8,3,3,3.67,3.24,40,-3.24428481,-4.565925641,2.17,7.490064557,9.339841667,7.158761194,2.181080473
M15,sterile,game,-1,-1,3,1.732050808,1.4026,3,3.5,3.6,3.2,3.33,3,3.27,12,-1.777755556,-15.35425915,2.88,2.199544444,4.29919,1.391988462,2.907201538
M15,sterile,game,-1,1,4,2,1.4649,3,3.5,3.6,3.2,3.33,3,3.27,12,-1.777755556,-15.35425915,2.88,2.199544444,4.29919,1.391988462,2.907201538
M15,sterile,sterile,1,-1,5,2.236067977,1.5901,3,3.5,3.6,3.2,3.33,3,3.27,12,-1.777755556,-15.35425915,2.88,2.199544444,4.29919,1.391988462,2.907201538
M15,sterile,sterile,1,1,3,1.732050808,2.5754,3,3.5,3.6,3.2,3.33,3,3.27,12,-1.777755556,-15.35425915,2.88,2.199544444,4.29919,1.391988462,2.907201538
M16,game,game,1,-1,3,1.732050808,1.4566,2.86,3.13,2,2.6,2.33,2.33,2.54,16,-1.019964557,-10.11348354,-0.36,2.942962025,2.770288372,3.149211111,-0.378922739
M16,game,game,1,1,3,1.732050808,1.2562,2.86,3.13,2,2.6,2.33,2.33,2.54,16,-1.019964557,-10.11348354,-0.36,2.942962025,2.770288372,3.149211111,-0.378922739
M16,game,sterile,-1,-1,3,1.732050808,3.3435,2.86,3.13,2,2.6,2.33,2.33,2.54,16,-1.019964557,-10.11348354,-0.36,2.942962025,2.770288372,3.149211111,-0.378922739
M16,game,sterile,-1,1,4,2,2.1329,2.86,3.13,2,2.6,2.33,2.33,2.54,16,-1.019964557,-10.11348354,-0.36,2.942962025,2.770288372,3.149211111,-0.378922739
M17,game,game,1,-1,2,1.414213562,2.2915,4.86,3.13,3.6,3.4,4.33,4.67,4,50,-4.364739189,-16.17235479,4.14,5.885124,8.90198,4.788085455,4.113894545
M17,game,game,1,1,4,2,2.4084,4.86,3.13,3.6,3.4,4.33,4.67,4,50,-4.364739189,-16.17235479,4.14,5.885124,8.90198,4.788085455,4.113894545
M17,game,sterile,-1,-1,1,1,2.8926,4.86,3.13,3.6,3.4,4.33,4.67,4,50,-4.364739189,-16.17235479,4.14,5.885124,8.90198,4.788085455,4.113894545
M17,game,sterile,-1,1,3,1.732050808,2.0366,4.86,3.13,3.6,3.4,4.33,4.67,4,50,-4.364739189,-16.17235479,4.14,5.885124,8.90198,4.788085455,4.113894545
M18,sterile,game,-1,-1,2,1.414213562,3.8946,,,,,,,,,,,,,,,
M18,sterile,game,-1,1,3,1.732050808,5.0132,,,,,,,,,,,,,,,
M18,sterile,sterile,1,-1,3,1.732050808,2.4084,,,,,,,,,,,,,,,
M18,sterile,sterile,1,1,2,1.414213562,3.26975,,,,,,,,,,,,,,,
M19,sterile,game,-1,-1,15,3.872983346,1.2228,3.71,2.88,3.2,3.6,4,3.5,3.48,49,-2.5848675,-10.2005675,8.63,3.63835375,7.626202326,-0.996172973,8.622375299
M19,sterile,game,-1,1,14,3.741657387,1.2562,3.71,2.88,3.2,3.6,4,3.5,3.48,49,-2.5848675,-10.2005675,8.63,3.63835375,7.626202326,-0.996172973,8.622375299
M19,sterile,sterile,1,-1,13,3.605551275,1.156,3.71,2.88,3.2,3.6,4,3.5,3.48,49,-2.5848675,-10.2005675,8.63,3.63835375,7.626202326,-0.996172973,8.622375299
M19,sterile,sterile,1,1,14,3.741657387,1.5317,3.71,2.88,3.2,3.6,4,3.5,3.48,49,-2.5848675,-10.2005675,8.63,3.63835375,7.626202326,-0.996172973,8.622375299
